<text xmlns="http://www.tei-c.org/ns/1.0" xml:id="d1">
	<body xml:id="d2">
		<div1 type="book" xml:id="d3">
			<head>Laborintus</head>
			<pb n="4"/>
			<div2 type="poem" xml:id="d4">
				<head>Laborintus I</head>
				<lg type="stanza" n="I">
<!-- l marca il verso poetico non le linee tipografiche -->
					<l>composte terre in strutturali complessioni sono <term>Palus Putredinis</term></l>
			        <l>riposa tenue Ellie e tu mio corpo</l>
			        <l>tu infatti tenue <name type="persona" ref="#E1" key="Ellie">Ellie</name> eri il mio corpo immaginoso quasi conclusione di una estatica dialettica spirituale</l>
			        <l>noi che riceviamo la qualità dei tempi</l>
			        <l>tu e tu mio spazioso corpo</l>
			        <l>di flogisto che ti alzi e ti materializzi nell’idea del nuoto</l>
			        <l>sistematica costruzione in ferro filamentoso lamentoso</l>
			        <l>lacuna lievitata in compagnia di una tenace tematica</l>
			        <l>composta terra delle distensioni dialogiche insistenze intemperanti</l>
			        <l>le condizioni esterne è evidente esistono realmente queste condizioni</l> 
			        <l>esistevano prima di noi ed esisteranno dopo di noi qui è il dibattimento</l> 
			        <l>liberazioni frequenza e forza e agitazione potenziata e altro</l>
			        <l><foreign>aliquot lineae desiderantur</foreign></l>
			        <l>dove dormi cuore ritagliato</l>
			        <l>e incollato e illustrato con documentazioni viscerali dove soprattutto</l>
			        <l>vedete igienicamente nell’acqua antifermentativa ma fissati adesso</l> 
			        <l>quelli i nani extratemporali i nani insomma o <name type="persona" ref="#E1" key="Ellie">Ellie</name></l>
			        <l>nell’aria inquinata</l>
			        <l>in un costante cratere anatomico ellittico</l> 
			        <l>perché ulteriormente diremo che non possono crescere</l>
			    </lg>
			</div2>
		</div1>
	</body>
</text>