<?xml version="1.0" encoding="UTF-8"?>
 <volume xmlns:dc="http://purl.org/dc/elements/1.1/">
	<dc:title>Laborintus</dc:title>
	<dc:creator>Edoardo Sanguineti</dc:creator>
	<dc:subject>Raccolta di poesie, XXVII poesie, Gruppo 63, Neovanguardia</dc:subject>
	<dc:description>27 poesie della raccolta: Laborintus</dc:description>
	<dc:publisher>Magenta</dc:publisher>
	<dc:contributor>Chiara Gonzaga</dc:contributor>
	<dc:date>1956</dc:date>
	<dc:type>Collezione di poesie digitale</dc:type>
	<dc:format>html</dc:format>
	<dc:identifier>http://id.sbn.it/bid/CUB0576030</dc:identifier>
	<dc:source>Wikipedia</dc:source>
	<dc:language>It</dc:language>
	<dc:relation>Letteratura italiana, Poesia del novecento, Neoavanguardia</dc:relation>
	<dc:coverage>Varese, VR</dc:coverage>
	<dc:rights>Diritti di Chiara Gonzaga, 2019</dc:rights>
</volume>