<TEI xmlns="http://www.tei-c.org/ns/1.0" xml:lang="en">
	<teiHeader>
		<fileDesc>
			<titleStmt>
				<title>Laborintus</title>
				<author>Edoardo Sanguineti</author>
				<editor>Magenta</editor>
			</titleStmt>
			<editionStmt>
				<edition>Prima edizione del 1956</edition>
				<respStmt>
				<resp>Sviluppata da</resp>
				<name xml:id="CG">Chiara Gonzaga</name>
				</respStmt>
			</editionStmt>
			<extent>L'opera è lunga 27 sezioni e contiene 1200 versi</extent>
			<publicationStmt>
					<publisher>Editore Magenta</publisher>
					<date>Maggio 1956</date>
			</publicationStmt>
			<seriesStmt>
				<p>Alcune sezioni sono apparse per la prima volta in alcune pubblicazioni della rivista di Numero dal 1950 al 1954.</p>
			</seriesStmt>
			<notesStmt>
				<note>L'opera presenta 27 sezioni di massimo 43 versi ciascuno.</note>
				<note>Opera scritta in taliano, tedesco, latino e francese</note>
			</notesStmt>
			<sourceDesc>
				<p>Creato il 19 giugno 2019 alle 18.32. Versione digitale</p>
			</sourceDesc>
		</fileDesc>
		<encodingDesc>
			<projectDesc>
				<p>Opera pubblicata con l'editore Magenta</p>
			</projectDesc>
		</encodingDesc>
		<profileDesc>
			<abstract>
				<p>Laborintus che nel 1956 anticipò l'avanguardia del nostro Paese, spiazzando critici e lettori dell'epoca per complessità e atipicità. Nel saggio iniziale, "Anarchia e complicazione", così come nelle introduzioni ai singoli componimenti e nelle note, l'autore porta alla luce l'operazione di demistificazione del linguaggio di Sanguineti svelando le strategie di montaggio e di costruzione del testo tipiche delle sequenze musicali.</p>
			</abstract>
			<creation>
				<date when="1956-05">Maggio 1956</date>
			</creation>
			<langUsage>
					 <language ident="fr-CA" usage="5">Francese</language>
					 <language ident="en-CA" usage="20">Inglese</language>
					 <language ident="en-GB" usage="25">British English</language>
			</langUsage>
		</profileDesc>
	</teiHeader>
	<text>
		<front>
			<divGen type="toc"/>
		</front>
		<!-- nel body va inserito il testo suddividendo le parti interne per darne una struttura chiara e univoca; come esempio si prende solo la prima delle 27 sezioni e non l'intero libro-->
		<body xml:id="d2">
			<div1 type="book" xml:id="d3">
			<head>Laborintus</head>
			<pb n="4"/>
			<div2 type="poem" xml:id="d4" n="I">
				<head>Laborintus I</head>
				<lg type="stanza" n="I">
<!-- l marca il verso poetico non le linee tipografiche -->
					<l>composte terre in strutturali complessioni sono <term>Palus Putredinis</term></l>
			        <l>riposa tenue Ellie e tu mio corpo</l>
			        <l>tu infatti tenue <name type="persona" ref="#E1" key="Ellie">Ellie</name> eri il mio corpo immaginoso quasi conclusione di una estatica dialettica spirituale</l>
			        <l>noi che riceviamo la qualità dei tempi</l>
			        <l>tu e tu mio spazioso corpo</l>
			        <l>di flogisto che ti alzi e ti materializzi nell’idea del nuoto</l>
			        <l>sistematica costruzione in ferro filamentoso lamentoso</l>
			        <l>lacuna lievitata in compagnia di una tenace tematica</l>
			        <l>composta terra delle distensioni dialogiche insistenze intemperanti</l>
			        <l>le condizioni esterne è evidente esistono realmente queste condizioni</l> 
			        <l>esistevano prima di noi ed esisteranno dopo di noi qui è il dibattimento</l> 
			        <l>liberazioni frequenza e forza e agitazione potenziata e altro</l>
			        <l>aliquot lineae <foreign>desiderantur</foreign></l>
			        <l>dove dormi cuore ritagliato</l>
			        <l>e incollato e illustrato con documentazioni viscerali dove soprattutto</l>
			        <l>vedete igienicamente nell’acqua antifermentativa ma fissati adesso</l> 
			        <l>quelli i nani extratemporali i nani insomma o <name type="persona" ref="#E1" key="Ellie">Ellie</name></l>
			        <l>nell’aria inquinata</l>
			        <l>in un costante cratere anatomico ellittico</l> 
			        <l>perché ulteriormente diremo che non possono crescere</l>
			    </lg>
			</div2>
		</div1>
		</body>
	</text>
</TEI>
