<topicMap xmlns="http://www.topicmaps.org/xtm/1.0/" 
          xmlns:xlink="http://www.w3.org/1999/xlink">
  <topic id="Persona">
    <baseName>
      <baseNameString>Persona</baseNameString>
    </baseName>
  </topic>
  <topic id="Oggetto di lavoro">
    <baseName>
      <baseNameString>Oggetto di lavoro</baseNameString>
    </baseName>
  </topic>
  <topic id="Standard">
    <baseName>
      <baseNameString>Standard</baseNameString>
    </baseName>
  </topic>
</topicMap>
<!--This gives us three topics suitable for use as topic types in our topic map. The baseName elements give the topics names that can be used to display the topics. The next step is to add one topic to be used as an occurrence type and our three instance topics, complete with names and occurrences. (The fragment below should be inserted inside the topicMap element above. The order of topic elements in topic maps is irrelevant.)-->
  <topic id="Opera">
    <instanceOf>
      <topicRef xlink:href="#Standard"/>
    </instanceOf>
    <baseName>
      <baseNameString>Laborintus</baseNameString>
    </baseName>
  </topic>
  <topic id="Edoardo Sanguineti">
    <instanceOf>
      <topicRef xlink:href="#Persona"/>
    </instanceOf>
    <baseName>
      <baseNameString>Edoardo Sanguineti</baseNameString>
    </baseName>
  </topic>
  <topic id="Homepage">
    <baseName>
      <baseNameString>Homepage</baseNameString>
    </baseName>
  </topic>
  <topic id="Magazzino Sanguineti">
    <instanceOf>
      <topicRef xlink:href="#Oggetto di lavoro"/>
    </instanceOf>
    <baseName>
      <baseNameString>Magazzino Sanguineti</baseNameString>
    </baseName>
    <occurrence>
      <instanceOf>
        <topicRef xlink:href="#Homepage"/>
      </instanceOf>
      <resourceRef xlink:href="http://magazzinosanguineti.it/"/>
    </occurrence>
  </topic>
<!--The first two topic elements create topics for the XML Recommendation and Tim Bray, making them instances of the "standard" and "person" topic types we defined earlier. Notice how instanceOf is used to provide the class and topicRef is used to point to the topic that defines the class. Then we define the occurrence type "homepage" and finally a topic for the W3C, which is of type "standards-body" and even has a "homepage" occurrence. The resourceRef element inside the occurrence gives the URI of the resource that is the occurrence.
Finally, we are ready to create topics for the association and role types and create the corresponding associations in order to complete the topic map. The fragment below does just this.-->
  <topic id="Paternità"> <!--authorship-->
    <baseName>
      <baseNameString>Paternità</baseNameString>
    </baseName>
  </topic>
  <topic id="Autore">
    <baseName>
      <baseNameString>Autore</baseNameString> <!--author-->
    </baseName>
  </topic>
  <topic id="Opera">
    <baseName>
      <baseNameString>Opera</baseNameString> <!--work-->
    </baseName>
  </topic>
  <association>
    <instanceOf>
      <topicRef xlink:href="#Paternità"/>    
    </instanceOf>
    <member>
      <roleSpec>
        <topicRef xlink:href="#Autore"/>
      </roleSpec>
      <topicRef xlink:href="#Edoardo Sanguineti"/>
    </member>
    <member>
      <roleSpec>
        <topicRef xlink:href="#Opera"/>
      </roleSpec>
      <topicRef xlink:href="#Laborintus"/>
    </member>
  </association>




