<topicMap xmlns="http://www.topicmaps.org/xtm/1.0/" xmlns:xlink="http://www.w3.org/1999/xlink">
  <topic id="Laborintus">
    <instanceOf><topicRef xlink:href="#poesia"/></instanceOf>
    <baseName>
      <baseNameString>Laborintus, Laszo Varga XXVII poesie, 1951-1954</baseNameString>
    </baseName>
    <occurrence>
      <instanceOf><topicRef xlink:href="#plain-text-format"/></instanceOf>
      <resourceRef xlink:href="http://889809910x.dbro.com.br/8881768240_laquo_laborintus_raquo__di_edoardo_sanguineti__testo_e_commento.pdf"/>
    </occurrence>
  </topic>
  <topic id="Opus Metricum">
    <instanceOf><topicRef xlink:href="#poesia"/></instanceOf>
    <baseName>
      <baseNameString>Opus Metricum, 1951-1959</baseNameString>
    </baseName>
    <occurrence>
      <instanceOf><topicRef xlink:href="#plain-text-format"/></instanceOf>
      <resourceRef xlink:href="https://www.abebooks.it/prima-edizione/Opus-metricum-1951-1959-SANGUINETI-Edoardo/4564052116/bd"/>
    </occurrence>
  </topic>
  <association>
    <instanceOf><topicRef xlink:href="#Scritto da"/></instanceOf>
    <member>
      <roleSpec><topicRef xlink:href="#Autore"/></roleSpec>
      <topicRef xlink:href="#Sanguineti"/>
    </member>
    <member>
      <roleSpec><topicRef xlink:href="#Opera"/></roleSpec>
      <topicRef xlink:href="#Laborintus"/>
    </member>
  </association>
</topicMap>