<TEI xmlns="http://www.tei-c.org/ns/1.0" xml:lang="en">
	<teiHeader>
		<fileDesc>
			<titleStmt>
				<title>Laborintus</title>
				<author>Edoardo Sanguineti</author>
				<respStmt>
					<resp>Sviluppato da</resp>
					<name xml:id="CG">Chiara Gonzaga</name>
				</respStmt>
			</titleStmt>
				<publicationStmt>
					<pubPlace>Varese, VR</pubPlace>
					<publisher>Editore Magenta</publisher>
					<date>......</date>
				</publicationStmt>
				<sourceDesc>
					<p>Creato il 19 giugno 2019 alle 18.32</p>
				</sourceDesc>
		</fileDesc>
	</teiHeader>
	<text>
		<front>
			<divGen type="toc"/>
		</front>
		<body>
			<p>My TEI Customization starts with modules tei, core, header, and textstructure</p>
			<schemaSpec ident="TBEcustom" docLang="en" xml:lang="en" prefix="">
				<moduleRef key="tei"/>
				<moduleRef key="header"/>
				<moduleRef key="core"/>
				<moduleRef key="textstructure"/>
			</schemaSpec>
		</body>
	</text>
</TEI>
